nom,adresse,telephone,mail,username,mot_de_passe
John Doe,123 rue de la Liberté,0123456789,johndoe@example.com,johndoe,password123
Jane Smith,456 avenue des Roses,0987654321,janesmith@example.com,janesmith,pass1234
Alice Johnson,789 boulevard du Soleil,5555555555,alicejohnson@example.com,alice,password
Bob Brown,1010 chemin de la Lune,9876543210,bobbrown@example.com,bob,brown123
Eva Garcia,1111 route de l'Étoile,1234567890,evagarcia@example.com,eva,garciapass
David Martinez,1313 rue des Nuages,1112223333,davidmartinez@example.com,david,martinez123
Sophie Dupont,1414 avenue de la Mer,4443332221,sophiedupont@example.com,sophie,dupont123
Louis Martin,1515 boulevard des Champs,5556667777,louismartin@example.com,louis,martinpass
Emma Wilson,1616 chemin des Arbres,9998887777,emmawilson@example.com,emma,wilsonpass
William Taylor,1717 rue des Fleurs,7776665555,williamtaylor@example.com,william,taylorpass
Olivia Anderson,1818 avenue du Vent,3334445555,oliviaanderson@example.com,olivia,andersonpass
Sophia White,1919 boulevard de la Plage,2221110000,sophiawhite@example.com,sophia,white123
Alexander Miller,2020 chemin de la Rivière,6667778888,alexandermiller@example.com,alexander,millerpass
Charlotte Wilson,2121 rue des Montagnes,5554443333,charlottewilson@example.com,charlotte,wilsonpass
James Rodriguez,2222 avenue de la Lune,9990001111,jamesrodriguez@example.com,james,rodriguez123
Emma Johnson,2323 rue des Étoiles,1234567890,emmajohnson@example.com,emma,johnson123
Noah Martinez,2424 avenue des Vents,9876543210,noahmartinez@example.com,noah,martinezpass
Sophia Garcia,2525 boulevard des Champs,5556667777,sophiagarcia@example.com,sophia,garcia123
Liam Wilson,2626 chemin de la Plage,9998887777,liamwilson@example.com,liam,wilsonpass
Amelia Brown,2727 rue de la Rivière,7776665555,ameliabrown@example.com,amelia,brownpass